{
    "loss_function": "L1",
    "num_clusters": 362,
    "objective_values": [
        473.25299072265625,
        421.7264099121094,
        417.9208068847656,
        416.8252258300781,
        400.60662841796875,
        148.22129821777344,
        110.6747055053711,
        98.30989837646484,
        97.06159210205078,
        96.00399017333984,
        94.95349884033203,
        93.24188995361328,
        92.17578887939453,
        79.6543960571289,
        79.29539489746094,
        78.94449615478516,
        78.57189178466797,
        77.46989440917969,
        75.63739013671875,
        62.870094299316406,
        62.263893127441406,
        62.05629348754883,
        61.96199417114258,
        51.13969421386719,
        50.60589599609375,
        49.6912956237793,
        48.63740158081055,
        45.485599517822266,
        45.175899505615234,
        43.70289993286133,
        43.36589813232422,
        42.60429763793945,
        42.117000579833984,
        38.3009033203125,
        38.087100982666016,
        37.468299865722656,
        36.103702545166016,
        35.26530075073242,
        34.40869903564453,
        33.97669982910156,
        33.13589859008789,
        32.43490219116211,
        32.1035041809082,
        31.795303344726563,
        30.829803466796875,
        30.338403701782227,
        29.49360466003418,
        29.326705932617188,
        29.204906463623047,
        28.260604858398438,
        27.802003860473633,
        27.33010482788086,
        27.18310546875,
        27.077106475830078,
        26.565505981445313,
        25.88720703125,
        24.43930435180664,
        23.82970428466797,
        23.677303314208984,
        23.570201873779297,
        23.47850227355957,
        22.793500900268555,
        22.51540184020996,
        22.295902252197266,
        21.734201431274414,
        21.35860252380371,
        21.2423038482666,
        20.88140296936035,
        20.773103713989258,
        19.753602981567383,
        19.471603393554688,
        19.402801513671875,
        19.311201095581055,
        19.23179817199707,
        19.159698486328125,
        19.07769775390625,
        18.95499610900879,
        18.867595672607422,
        18.532695770263672,
        18.317195892333984,
        18.273895263671875,
        18.234294891357422,
        18.17389488220215,
        18.022096633911133,
        17.852996826171875,
        17.78399658203125,
        17.735095977783203,
        17.560895919799805,
        16.858396530151367,
        16.183897018432617,
        15.51249885559082,
        15.472098350524902,
        15.424799919128418,
        15.2829008102417,
        15.18540096282959,
        14.574601173400879,
        14.516501426696777,
        14.430501937866211,
        14.344202041625977,
        14.30830192565918,
        14.08320140838623,
        13.986202239990234,
        13.884502410888672,
        13.845102310180664,
        13.659602165222168,
        13.417601585388184,
        13.309202194213867,
        13.241002082824707,
        13.189102172851563,
        13.078001976013184,
        13.007401466369629,
        12.955301284790039,
        12.871101379394531,
        12.780800819396973,
        12.724900245666504,
        12.655900955200195,
        12.254401206970215,
        12.213400840759277,
        12.175301551818848,
        12.110601425170898,
        12.044402122497559,
        11.993501663208008,
        11.915401458740234,
        11.8305025100708,
        11.793902397155762,
        11.67330265045166,
        11.612701416015625,
        11.543301582336426,
        11.387802124023438,
        11.329702377319336,
        11.24460220336914,
        11.204202651977539,
        11.141403198242188,
        11.10920238494873,
        11.019102096557617,
        10.913400650024414,
        10.882901191711426,
        10.797500610351563,
        10.720401763916016,
        10.65710163116455,
        10.599702835083008,
        10.560602188110352,
        10.473702430725098,
        10.431902885437012,
        10.401302337646484,
        10.36770248413086,
        10.292101860046387,
        10.220401763916016,
        10.178101539611816,
        10.045501708984375,
        9.78590202331543,
        9.52960205078125,
        9.454902648925781,
        9.413602828979492,
        9.378802299499512,
        9.34350299835205,
        9.275102615356445,
        9.221602439880371,
        9.178302764892578,
        9.133502960205078,
        9.061701774597168,
        8.989500999450684,
        8.939899444580078,
        8.876999855041504,
        8.79170036315918,
        8.725000381469727,
        8.645599365234375,
        8.566100120544434,
        8.508600234985352,
        8.442700386047363,
        8.366399765014648,
        8.311100006103516,
        8.27970027923584,
        8.20829963684082,
        8.012399673461914,
        7.952299118041992,
        7.891899108886719,
        7.8448991775512695,
        7.653799057006836,
        7.580499649047852,
        7.54379940032959,
        7.477799415588379,
        7.423299789428711,
        7.386299133300781,
        7.337499618530273,
        7.303499221801758,
        7.266899108886719,
        7.229998588562012,
        7.200798988342285,
        7.176698207855225,
        7.139398097991943,
        7.066197872161865,
        7.0029988288879395,
        6.9284987449646,
        6.857198238372803,
        6.826198101043701,
        6.750998020172119,
        6.69769811630249,
        6.643298149108887,
        6.601597785949707,
        6.551497459411621,
        6.503798007965088,
        6.454397678375244,
        6.424598217010498,
        6.385498523712158,
        6.341397762298584,
        6.314697742462158,
        6.253798961639404,
        6.217798709869385,
        6.183298587799072,
        6.145498752593994,
        6.096298694610596,
        6.03279972076416,
        5.975898742675781,
        5.940299034118652,
        5.884199142456055,
        5.844799041748047,
        5.800899505615234,
        5.75839900970459,
        5.736699104309082,
        5.69059944152832,
        5.6259989738464355,
        5.58729887008667,
        5.516398906707764,
        5.473199367523193,
        5.421099662780762,
        5.378299236297607,
        5.326399803161621,
        5.28879976272583,
        5.218000411987305,
        5.199300289154053,
        5.161900043487549,
        5.138999938964844,
        5.104399681091309,
        5.065899848937988,
        5.020199298858643,
        4.9741997718811035,
        4.937600135803223,
        4.894399166107178,
        4.856598854064941,
        4.834299087524414,
        4.736498832702637,
        4.71229887008667,
        4.688599109649658,
        4.652898788452148,
        4.609498977661133,
        4.574299335479736,
        4.544798851013184,
        4.508998870849609,
        4.47239875793457,
        4.449098587036133,
        4.436899185180664,
        4.394899368286133,
        4.354799747467041,
        4.315799236297607,
        4.229098796844482,
        4.142399311065674,
        4.117599964141846,
        4.084799766540527,
        3.9995999336242676,
        3.9177000522613525,
        3.83620023727417,
        3.8064000606536865,
        3.771099805831909,
        3.7398996353149414,
        3.691999673843384,
        3.679799795150757,
        3.6549994945526123,
        3.628899335861206,
        3.6133995056152344,
        3.537599563598633,
        3.461899518966675,
        3.387399673461914,
        3.3135995864868164,
        3.29379940032959,
        3.2209994792938232,
        3.1959996223449707,
        3.171299457550049,
        3.099299430847168,
        3.071899890899658,
        3.049299955368042,
        3.025899887084961,
        2.994699716567993,
        2.927500009536743,
        2.860699415206909,
        2.842299699783325,
        2.777099370956421,
        2.7119996547698975,
        2.6482994556427,
        2.5849997997283936,
