{
    "loss_function": "L1",
    "num_clusters": 5,
    "objective_values": [
        302.30950927734375,
        238.49420166015625,
        230.42059326171875,
        131.09979248046875,
        83.62979888916016
    ],
    "time (ns)": 4893487,
    "time (s)": 0.004893487
}
