{
    "loss_function": "L1",
    "num_clusters": 3,
    "objective_values": [
        230.0102996826172,
        107.58370208740234,
        72.65550231933594
    ],
    "time (ns)": 1652040,
    "time (s)": 0.00165204
}
