{
    "loss_function": "L1",
    "num_clusters": 4,
    "objective_values": [
        154.25149536132813,
        91.6415023803711,
        69.87670135498047,
        54.359397888183594
    ],
    "time (ns)": 1646756,
    "time (s)": 0.001646756
}
