{
    "loss_function": "L1",
    "num_clusters": 4,
    "objective_values": [
        613.9448852539063,
        610.2822875976563,
        608.429931640625,
        137.09231567382813
    ],
    "time (ns)": 145906188,
    "time (s)": 0.145906188
}
