{
    "loss_function": "L1",
    "num_clusters": 8,
    "objective_values": [
        99.4800033569336,
        90.42549896240234,
        56.82859802246094,
        48.669097900390625,
        42.07969665527344,
        37.8385009765625,
        34.26589584350586,
        30.548099517822266
    ],
    "time (ns)": 2511165,
    "time (s)": 0.002511165
}
