{
    "loss_function": "L1",
    "num_clusters": 8,
    "objective_values": [
        99.34760284423828,
        92.16510009765625,
        84.88739776611328,
        78.6095962524414,
        73.3561019897461,
        46.423099517822266,
        32.642799377441406,
        10.641698837280273
    ],
    "time (ns)": 1198771,
    "time (s)": 0.001198771
}
