{
    "loss_function": "L1",
    "num_clusters": 7,
    "objective_values": [
        186.6488037109375,
        125.31379699707031,
        111.60179901123047,
        102.13179779052734,
        98.80900573730469,
        96.37940216064453,
        81.6864013671875
    ],
    "time (ns)": 22631206,
    "time (s)": 0.022631206
}
