{
    "loss_function": "L1",
    "num_clusters": 9,
    "objective_values": [
        216.26109313964844,
        193.83929443359375,
        180.81329345703125,
        172.53208923339844,
        164.2554931640625,
        155.9661865234375,
        147.7187957763672,
        135.9630889892578,
        52.54209518432617
    ],
    "time (ns)": 6643433,
    "time (s)": 0.006643433
}
