{
    "loss_function": "L1",
    "num_clusters": 5,
    "objective_values": [
        758.5734252929688,
        688.930419921875,
        612.2628784179688,
        306.71148681640625,
        268.9476013183594
    ],
    "time (ns)": 56998673,
    "time (s)": 0.056998673
}
