{
    "loss_function": "L1",
    "num_clusters": 7,
    "objective_values": [
        181.0854034423828,
        174.03109741210938,
        166.7703857421875,
        162.15640258789063,
        159.31748962402344,
        156.45619201660156,
        79.06039428710938
    ],
    "time (ns)": 2589723,
    "time (s)": 0.002589723
}
