{
    "loss_function": "L1",
    "num_clusters": 4,
    "objective_values": [
        46.309200286865234,
        34.71500015258789,
        29.29360008239746,
        23.34779930114746
    ],
    "time (ns)": 2027699,
    "time (s)": 0.002027699
}
