{
    "loss_function": "L1",
    "num_clusters": 5,
    "objective_values": [
        798.8613891601563,
        678.326904296875,
        367.3583984375,
        310.0220947265625,
        264.82891845703125
    ],
    "time (ns)": 5913306,
    "time (s)": 0.005913306
}
