{
    "loss_function": "L1",
    "num_clusters": 8,
    "objective_values": [
        297.7182922363281,
        209.15811157226563,
        185.51319885253906,
        164.4403076171875,
        143.6623992919922,
        122.00900268554688,
        102.78720092773438,
        84.61349487304688
    ],
    "time (ns)": 20525238,
    "time (s)": 0.020525238
}
