{
    "loss_function": "L1",
    "num_clusters": 4,
    "objective_values": [
        211.55239868164063,
        137.31680297851563,
        74.03379821777344,
        57.71189880371094
    ],
    "time (ns)": 6722373,
    "time (s)": 0.006722373
}
