{
    "loss_function": "L1",
    "num_clusters": 5,
    "objective_values": [
        21.043899536132813,
        20.161300659179688,
        17.56760025024414,
        12.364599227905273,
        8.453399658203125
    ],
    "time (ns)": 448824,
    "time (s)": 0.000448824
}
