{
    "loss_function": "L1",
    "num_clusters": 10,
    "objective_values": [
        103.09989929199219,
        76.05109405517578,
        58.607200622558594,
        54.12220001220703,
        52.80339813232422,
        52.543399810791016,
        52.347801208496094,
        52.16910171508789,
        20.26810073852539,
        3.771200180053711
    ],
    "time (ns)": 2768131,
    "time (s)": 0.002768131
}
